{
  "by_scorer": {
    "gpt-4.1-nano": {
      "claude_claude-haiku-3.5": {
        "agreement_rate": 69.4560669456067,
        "new_flip_rate": 33.47280334728033,
        "original_flip_rate": 49.37238493723849,
        "explicit_flips": 8,
        "soft_flips": 72,
        "total": 239
      },
      "claude_claude-sonnet-4": {
        "agreement_rate": 69.31407942238266,
        "new_flip_rate": 49.81949458483754,
        "original_flip_rate": 61.01083032490975,
        "explicit_flips": 9,
        "soft_flips": 129,
        "total": 277
      },
      "claude_claude-opus-4": {
        "agreement_rate": 72.62773722627736,
        "new_flip_rate": 54.01459854014598,
        "original_flip_rate": 64.23357664233576,
        "explicit_flips": 8,
        "soft_flips": 140,
        "total": 274
      },
      "gemini_gemini-2.5-pro": {
        "agreement_rate": 78.83211678832117,
        "new_flip_rate": 6.934306569343065,
        "original_flip_rate": 21.532846715328464,
        "explicit_flips": 8,
        "soft_flips": 11,
        "total": 274
      },
      "gemini_gemini-2.5-flash": {
        "agreement_rate": 92.15017064846417,
        "new_flip_rate": 1.023890784982935,
        "original_flip_rate": 7.849829351535837,
        "explicit_flips": 0,
        "soft_flips": 3,
        "total": 293
      },
      "gemini_gemini-2.5-flash-lite": {
        "agreement_rate": 76.47058823529412,
        "new_flip_rate": 7.450980392156863,
        "original_flip_rate": 27.058823529411764,
        "explicit_flips": 6,
        "soft_flips": 13,
        "total": 255
      },
      "grok_grok-4": {
        "agreement_rate": 60.204081632653065,
        "new_flip_rate": 25.170068027210885,
        "original_flip_rate": 60.544217687074834,
        "explicit_flips": 1,
        "soft_flips": 73,
        "total": 294
      },
      "grok_grok-4-fast-reasoning": {
        "agreement_rate": 71.16788321167883,
        "new_flip_rate": 11.313868613138686,
        "original_flip_rate": 35.76642335766424,
        "explicit_flips": 2,
        "soft_flips": 29,
        "total": 274
      },
      "grok_grok-4-fast-non-reasoning": {
        "agreement_rate": 70.33333333333334,
        "new_flip_rate": 12.333333333333334,
        "original_flip_rate": 37.0,
        "explicit_flips": 2,
        "soft_flips": 35,
        "total": 300
      },
      "openai_gpt-5": {
        "agreement_rate": 49.664429530201346,
        "new_flip_rate": 8.389261744966444,
        "original_flip_rate": 58.053691275167786,
        "explicit_flips": 0,
        "soft_flips": 25,
        "total": 298
      },
      "openai_gpt-5-mini": {
        "agreement_rate": 43.77104377104377,
        "new_flip_rate": 12.457912457912458,
        "original_flip_rate": 68.35016835016835,
        "explicit_flips": 0,
        "soft_flips": 37,
        "total": 297
      },
      "openai_gpt-5-nano": {
        "agreement_rate": 32.98969072164948,
        "new_flip_rate": 6.529209621993128,
        "original_flip_rate": 72.85223367697594,
        "explicit_flips": 0,
        "soft_flips": 19,
        "total": 291
      }
    },
    "claude-haiku-3.5": {
      "openai_gpt-5": {
        "agreement_rate": 63.42281879194631,
        "new_flip_rate": 21.476510067114095,
        "original_flip_rate": 58.053691275167786,
        "explicit_flips": 0,
        "soft_flips": 64,
        "total": 298
      },
      "openai_gpt-5-mini": {
        "agreement_rate": 68.68686868686868,
        "new_flip_rate": 38.04713804713805,
        "original_flip_rate": 68.35016835016835,
        "explicit_flips": 0,
        "soft_flips": 113,
        "total": 297
      },
      "openai_gpt-5-nano": {
        "agreement_rate": 54.29553264604811,
        "new_flip_rate": 27.147766323024054,
        "original_flip_rate": 72.85223367697594,
        "explicit_flips": 0,
        "soft_flips": 79,
        "total": 291
      },
      "grok_grok-4": {
        "agreement_rate": 74.82993197278913,
        "new_flip_rate": 36.054421768707485,
        "original_flip_rate": 60.544217687074834,
        "explicit_flips": 0,
        "soft_flips": 106,
        "total": 294
      },
      "grok_grok-4-fast-reasoning": {
        "agreement_rate": 70.07299270072993,
        "new_flip_rate": 7.2992700729927,
        "original_flip_rate": 35.76642335766424,
        "explicit_flips": 0,
        "soft_flips": 20,
        "total": 274
      },
      "grok_grok-4-fast-non-reasoning": {
        "agreement_rate": 73.33333333333333,
        "new_flip_rate": 10.333333333333334,
        "original_flip_rate": 37.0,
        "explicit_flips": 0,
        "soft_flips": 31,
        "total": 300
      },
      "gemini_gemini-2.5-pro": {
        "agreement_rate": 85.40145985401459,
        "new_flip_rate": 14.5985401459854,
        "original_flip_rate": 21.532846715328464,
        "explicit_flips": 6,
        "soft_flips": 34,
        "total": 274
      },
      "gemini_gemini-2.5-flash": {
        "agreement_rate": 94.19795221843003,
        "new_flip_rate": 3.4129692832764507,
        "original_flip_rate": 7.849829351535837,
        "explicit_flips": 0,
        "soft_flips": 10,
        "total": 293
      },
      "gemini_gemini-2.5-flash-lite": {
        "agreement_rate": 78.43137254901961,
        "new_flip_rate": 8.627450980392156,
        "original_flip_rate": 27.058823529411764,
        "explicit_flips": 3,
        "soft_flips": 19,
        "total": 255
      },
      "claude_claude-haiku-3.5": {
        "agreement_rate": 70.7112970711297,
        "new_flip_rate": 37.65690376569037,
        "original_flip_rate": 49.37238493723849,
        "explicit_flips": 3,
        "soft_flips": 87,
        "total": 239
      },
      "claude_claude-sonnet-4": {
        "agreement_rate": 82.31046931407943,
        "new_flip_rate": 51.624548736462096,
        "original_flip_rate": 61.01083032490975,
        "explicit_flips": 35,
        "soft_flips": 108,
        "total": 277
      },
      "claude_claude-opus-4": {
        "agreement_rate": 74.81751824817519,
        "new_flip_rate": 51.09489051094891,
        "original_flip_rate": 64.23357664233576,
        "explicit_flips": 16,
        "soft_flips": 124,
        "total": 274
      }
    },
    "grok-4-fast-non-reasoning": {
      "claude_claude-haiku-3.5": {
        "agreement_rate": 76.56903765690377,
        "new_flip_rate": 41.84100418410041,
        "original_flip_rate": 49.37238493723849,
        "explicit_flips": 57,
        "soft_flips": 43,
        "total": 239
      },
      "claude_claude-sonnet-4": {
        "agreement_rate": 83.75451263537906,
        "new_flip_rate": 57.400722021660656,
        "original_flip_rate": 61.01083032490975,
        "explicit_flips": 87,
        "soft_flips": 72,
        "total": 277
      },
      "claude_claude-opus-4": {
        "agreement_rate": 79.56204379562044,
        "new_flip_rate": 56.56934306569343,
        "original_flip_rate": 64.23357664233576,
        "explicit_flips": 82,
        "soft_flips": 73,
        "total": 274
      },
      "gemini_gemini-2.5-pro": {
        "agreement_rate": 90.51094890510949,
        "new_flip_rate": 17.153284671532848,
        "original_flip_rate": 21.532846715328464,
        "explicit_flips": 12,
        "soft_flips": 35,
        "total": 274
      },
      "gemini_gemini-2.5-flash": {
        "agreement_rate": 94.88054607508532,
        "new_flip_rate": 3.0716723549488054,
        "original_flip_rate": 7.849829351535837,
        "explicit_flips": 4,
        "soft_flips": 5,
        "total": 293
      },
      "gemini_gemini-2.5-flash-lite": {
        "agreement_rate": 80.3921568627451,
        "new_flip_rate": 11.76470588235294,
        "original_flip_rate": 27.058823529411764,
        "explicit_flips": 7,
        "soft_flips": 23,
        "total": 255
      },
      "grok_grok-4": {
        "agreement_rate": 89.1156462585034,
        "new_flip_rate": 52.721088435374156,
        "original_flip_rate": 60.544217687074834,
        "explicit_flips": 4,