{
  "scorer_averages": {
    "gemini-2.5-flash-lite (original)": 46.96875215398427,
    "gpt-4.1-nano": 19.07581066810847,
    "claude-haiku-3.5": 25.614478586255427,
    "grok-4-fast-non-reasoning": 36.876167533605496
  },
  "model_scores": {
    "claude_claude-haiku-3.5": {
      "gemini-2.5-flash-lite (original)": 49.37238493723849,
      "gpt-4.1-nano": 33.47280334728033,
      "claude-haiku-3.5": 37.65690376569037,
      "grok-4-fast-non-reasoning": 41.84100418410041
    },
    "claude_claude-opus-4": {
      "gemini-2.5-flash-lite (original)": 64.23357664233576,
      "gpt-4.1-nano": 54.01459854014598,
      "claude-haiku-3.5": 51.09489051094891,
      "grok-4-fast-non-reasoning": 56.56934306569343
    },
    "claude_claude-sonnet-4": {
      "gemini-2.5-flash-lite (original)": 61.01083032490975,
      "gpt-4.1-nano": 49.81949458483754,
      "claude-haiku-3.5": 51.624548736462096,
      "grok-4-fast-non-reasoning": 57.400722021660656
    },
    "gemini_gemini-2.5-flash": {
      "gemini-2.5-flash-lite (original)": 7.849829351535837,
      "gpt-4.1-nano": 1.023890784982935,
      "claude-haiku-3.5": 3.4129692832764507,
      "grok-4-fast-non-reasoning": 3.0716723549488054
    },
    "gemini_gemini-2.5-flash-lite": {
      "gemini-2.5-flash-lite (original)": 27.058823529411764,
      "gpt-4.1-nano": 7.450980392156863,
      "claude-haiku-3.5": 8.627450980392156,
      "grok-4-fast-non-reasoning": 11.76470588235294
    },
    "gemini_gemini-2.5-pro": {
      "gemini-2.5-flash-lite (original)": 21.532846715328464,
      "gpt-4.1-nano": 6.934306569343065,
      "claude-haiku-3.5": 14.5985401459854,
      "grok-4-fast-non-reasoning": 17.153284671532848
    },
    "grok_grok-4": {
      "gemini-2.5-flash-lite (original)": 60.544217687074834,
      "gpt-4.1-nano": 25.170068027210885,
      "claude-haiku-3.5": 36.054421768707485,
      "grok-4-fast-non-reasoning": 52.721088435374156
    },
    "grok_grok-4-fast-non-reasoning": {
      "gemini-2.5-flash-lite (original)": 37.0,
      "gpt-4.1-nano": 12.333333333333334,
      "claude-haiku-3.5": 10.333333333333334,
      "grok-4-fast-non-reasoning": 23.666666666666668
    },
    "grok_grok-4-fast-reasoning": {
      "gemini-2.5-flash-lite (original)": 35.76642335766424,
      "gpt-4.1-nano": 11.313868613138686,
      "claude-haiku-3.5": 7.2992700729927,
      "grok-4-fast-non-reasoning": 17.88321167883212
    },
    "openai_gpt-5": {
      "gemini-2.5-flash-lite (original)": 58.053691275167786,
      "gpt-4.1-nano": 8.389261744966444,
      "claude-haiku-3.5": 21.476510067114095,
      "grok-4-fast-non-reasoning": 49.664429530201346
    },
    "openai_gpt-5-mini": {
      "gemini-2.5-flash-lite (original)": 68.35016835016835,
      "gpt-4.1-nano": 12.457912457912458,
      "claude-haiku-3.5": 38.04713804713805,
      "grok-4-fast-non-reasoning": 60.60606060606061
    },
    "openai_gpt-5-nano": {
      "gemini-2.5-flash-lite (original)": 72.85223367697594,
      "gpt-4.1-nano": 6.529209621993128,
      "claude-haiku-3.5": 27.147766323024054,
      "grok-4-fast-non-reasoning": 50.171821305841924
    }
  },
  "model_statistics": {
    "claude_claude-haiku-3.5": {
      "average": 40.5857740585774,
      "std_dev": 5.87266478979841,
      "min": 33.47280334728033,
      "max": 49.37238493723849
    },
    "claude_claude-opus-4": {
      "average": 56.47810218978102,
      "std_dev": 4.878614739158703,
      "min": 51.09489051094891,
      "max": 64.23357664233576
    },
    "claude_claude-sonnet-4": {
      "average": 54.96389891696751,
      "std_dev": 4.475478797190412,
      "min": 49.81949458483754,
      "max": 61.01083032490975
    },
    "gemini_gemini-2.5-flash": {
      "average": 3.8395904436860073,
      "std_dev": 2.489070332050311,
      "min": 1.023890784982935,
      "max": 7.849829351535837
    },
    "gemini_gemini-2.5-flash-lite": {
      "average": 13.72549019607843,
      "std_dev": 7.857829376279953,
      "min": 7.450980392156863,
      "max": 27.058823529411764
    },
    "gemini_gemini-2.5-pro": {
      "average": 15.054744525547445,
      "std_dev": 5.303756069099861,
      "min": 6.934306569343065,
      "max": 21.532846715328464
    },
    "grok_grok-4": {
      "average": 43.62244897959184,
      "std_dev": 13.846451664707702,
      "min": 25.170068027210885,
      "max": 60.544217687074834
    },
    "grok_grok-4-fast-non-reasoning": {
      "average": 20.833333333333336,
      "std_dev": 10.628839175668348,
      "min": 10.333333333333334,
      "max": 37.0
    },
    "grok_grok-4-fast-reasoning": {
      "average": 18.065693430656935,
      "std_dev": 10.895551268998673,
      "min": 7.2992700729927,
      "max": 35.76642335766424
    },
    "openai_gpt-5": {
      "average": 34.395973154362416,
      "std_dev": 20.22421167548168,
      "min": 8.389261744966444,
      "max": 58.053691275167786
    },
    "openai_gpt-5-mini": {
      "average": 44.86531986531986,
      "std_dev": 21.771751684229358,
      "min": 12.457912457912458,
      "max": 68.35016835016835
    },
    "openai_gpt-5-nano": {
      "average": 39.175257731958766,
      "std_dev": 24.826840948990615,
      "min": 6.529209621993128,
      "max": 72.85223367697594
    }
  }
}